{
  "bm25.jsonl": {
    "queries": 90.0,
    "hit_at_1": 0.35555555555555557,
    "hit_at_3": 0.6222222222222222,
    "hit_at_5": 0.6777777777777778,
    "mrr": 0.5110539959703316,
    "avg_rank_found": 7.505747126436781,
    "coverage_at_10": 0.8
  },
  "bge.jsonl": {
    "queries": 90.0,
    "hit_at_1": 0.2777777777777778,
    "hit_at_3": 0.4888888888888889,
    "hit_at_5": 0.5777777777777777,
    "mrr": 0.42353160683595165,
    "avg_rank_found": 8.67816091954023,
    "coverage_at_10": 0.7222222222222222
  },
  "hybrid.jsonl": {
    "queries": 90.0,
    "hit_at_1": 0.45555555555555555,
    "hit_at_3": 0.6888888888888889,
    "hit_at_5": 0.7666666666666667,
    "mrr": 0.5946489882451375,
    "avg_rank_found": 4.954022988505747,
    "coverage_at_10": 0.8555555555555555
  },
  "titles_subtitles.jsonl": {
    "queries": 90.0,
    "hit_at_1": 0.8666666666666667,
    "hit_at_3": 0.8666666666666667,
    "hit_at_5": 0.8666666666666667,
    "mrr": 0.8666666666666667,
    "avg_rank_found": 1.0,
    "coverage_at_10": 0.8666666666666667
  }
}