retriever,hit_at_1,mrr
bm25,0.35555555555555557,0.5110539959703316
bge,0.2777777777777778,0.42353160683595165
hybrid,0.45555555555555555,0.5946489882451375
titles_subtitles,0.8666666666666667,0.8666666666666667
