{
  "bm25.jsonl": {
    "queries": 30.0,
    "hit_at_1": 0.3333333333333333,
    "hit_at_3": 0.6333333333333333,
    "hit_at_5": 0.7,
    "mrr": 0.5103520770010131,
    "avg_rank_found": 5.2,
    "coverage_at_10": 0.9333333333333333
  },
  "bge.jsonl": {
    "queries": 30.0,
    "hit_at_1": 0.36666666666666664,
    "hit_at_3": 0.5333333333333333,
    "hit_at_5": 0.6666666666666666,
    "mrr": 0.4908771043771043,
    "avg_rank_found": 8.933333333333334,
    "coverage_at_10": 0.8
  },
  "hybrid.jsonl": {
    "queries": 30.0,
    "hit_at_1": 0.36666666666666664,
    "hit_at_3": 0.7666666666666667,
    "hit_at_5": 0.8333333333333334,
    "mrr": 0.5662433862433861,
    "avg_rank_found": 4.4,
    "coverage_at_10": 0.9
  },
  "titles_subtitles.jsonl": {
    "queries": 30.0,
    "hit_at_1": 0.8666666666666667,
    "hit_at_3": 0.8666666666666667,
    "hit_at_5": 0.8666666666666667,
    "mrr": 0.8666666666666667,
    "avg_rank_found": 1.0,
    "coverage_at_10": 0.8666666666666667
  }
}