retriever,hit_at_1,mrr
bm25,0.3333333333333333,0.5103520770010131
bge,0.36666666666666664,0.4908771043771043
hybrid,0.36666666666666664,0.5662433862433861
titles_subtitles,0.8666666666666667,0.8666666666666667
